"id";"name";"log";"last_index";"timestamp"
4;"ecpawapactd-01";"Application";1278586;"2016-03-01 02:18:42"
5;"ecpawapavlapp-01";"Application";597916;"2016-03-01 02:18:42"
6;"ecpawapavlgw-01";"Application";565827;"2016-03-01 02:18:42"
7;"ecpawapavlmap-01";"Application";603594;"2016-03-01 02:18:42"
8;"ecpawapavlnas-1";"Application";5716068;"2016-03-01 02:18:42"
20;"ecpawapavlweb-01";"Application";1961;"2016-03-01 02:18:43"
21;"ecpawapremdy-01";"Application";656576;"2016-03-01 02:18:43"
22;"ecpbwapamiapp-1";"Application";29874;"2016-03-01 02:18:43"
23;"ecpbwapavlapp-01";"Application";612912;"2016-03-01 02:18:43"
24;"ecpbwapavlgw-01";"Application";626323;"2016-03-01 02:18:43"
25;"ecpbwapavlmap-01";"Application";593101;"2016-03-01 02:18:43"
26;"ecpbwapavlnas-1";"Application";21187833;"2016-03-01 02:18:43"
27;"ecpbwapavlweb-01";"Application";1397;"2016-03-01 02:18:43"
28;"ecpbwapcrys-01";"Application";1065922;"2016-03-01 02:18:43"
29;"ecpbwapdns-01";"Application";689753;"2016-03-01 02:18:43"
30;"ecpbwapremdy-01";"Application";1547447;"2016-03-01 02:18:43"
43;"ecpbwapvidzg-01";"Application";281451;"2016-03-01 02:18:43"
44;"ecpbwapvidzg-02";"Application";487395;"2016-03-01 02:18:43"
45;"ecpawapactd-01";"System";1278586;"2016-03-01 02:17:50"
46;"ecpawapavlapp-01";"System";597916;"2016-03-01 02:18:12"
47;"ecpawapavlgw-01";"System";565827;"2016-03-01 02:18:12"
48;"ecpawapavlmap-01";"System";603594;"2016-03-01 02:18:12"
49;"ecpawapavlnas-1";"System";5716068;"2016-03-01 02:18:12"
61;"ecpawapavlweb-01";"System";1961;"2016-03-01 02:18:12"
62;"ecpawapremdy-01";"System";656576;"2016-03-01 02:18:12"
63;"ecpbwapamiapp-1";"System";29874;"2016-03-01 02:18:12"
64;"ecpbwapavlapp-01";"System";612912;"2016-03-01 02:18:12"
65;"ecpbwapavlgw-01";"System";626323;"2016-03-01 02:18:41"
66;"ecpbwapavlmap-01";"System";593101;"2016-03-01 02:18:41"
67;"ecpbwapavlnas-1";"System";21187833;"2016-03-01 02:18:42"
68;"ecpbwapavlweb-01";"System";1397;"2016-03-01 02:18:42"
69;"ecpbwapcrys-01";"System";1065922;"2016-03-01 02:18:42"
70;"ecpbwapdns-01";"System";689753;"2016-03-01 02:18:42"
71;"ecpbwapremdy-01";"System";1547447;"2016-03-01 02:18:42"
84;"ecpbwapvidzg-01";"System";281451;"2016-03-01 02:18:42"
85;"ecpbwapvidzg-02";"System";487395;"2016-03-01 02:18:42"
